"id","temperature","humidity","moisture","date"
"1","18.5","61","714","2022-07-12 03:41:02"
"2","18.3","61","687","2022-07-12 03:41:32"
"3","17.9","61","684","2022-07-12 03:42:02"
"4","17.7","61","680","2022-07-12 03:42:32"
"5","17.2","63","667","2022-07-12 03:43:08"
"6","17.4","62","677","2022-07-12 03:43:12"
"7","17.2","68","676","2022-07-12 03:43:38"
"8","17","63","674","2022-07-12 03:44:08"
"9","16.8","63","673","2022-07-12 03:44:39"
"10","16.6","64","670","2022-07-12 03:45:09"
"11","16.5","65","667","2022-07-12 03:45:39"
"12","16.3","65","666","2022-07-12 03:46:12"
"13","16.2","65","664","2022-07-12 03:46:42"
"14","16","64","664","2022-07-12 03:47:16"
"15","15.9","63","662","2022-07-12 03:47:46"
"16","15.8","64","661","2022-07-12 03:48:16"
"17","15.8","65","645","2022-07-12 03:48:46"
"18","15.7","65","657","2022-07-12 03:49:17"
"19","15.6","66","655","2022-07-12 03:49:47"
"20","15.5","65","656","2022-07-12 03:50:20"
"21","15.5","66","654","2022-07-12 03:50:50"
"22","15.4","68","654","2022-07-12 03:51:24"
"23","15.3","66","652","2022-07-12 03:51:54"
"24","15.3","67","651","2022-07-12 03:52:24"
"25","15.2","67","649","2022-07-12 03:52:54"
"26","15.2","67","639","2022-07-12 03:53:25"
"27","15.1","67","638","2022-07-12 03:53:58"
"28","15.1","67","637","2022-07-12 03:54:28"
"29","15.1","68","646","2022-07-12 03:54:58"
"30","15.1","69","646","2022-07-12 03:55:29"
"31","15","68","645","2022-07-12 03:56:02"
"32","15","68","643","2022-07-12 03:56:32"
"33","15","69","644","2022-07-12 03:57:02"
"34","14.9","68","642","2022-07-12 03:57:32"
"35","14.9","69","642","2022-07-12 03:58:03"
"36","14.9","69","641","2022-07-12 03:58:33"
"37","14.9","71","630","2022-07-12 03:59:03"
"38","14.8","71","640","2022-07-12 03:59:33"
"39","14.8","69","640","2022-07-12 04:00:04"
"40","14.8","70","638","2022-07-12 04:00:34"
"41","14.7","70","638","2022-07-12 04:01:04"
"42","14.7","70","638","2022-07-12 04:01:34"
"43","14.7","69","627","2022-07-12 04:02:05"
"44","14.7","70","637","2022-07-12 04:02:35"
"45","14.7","71","636","2022-07-12 04:03:05"
"46","14.7","71","634","2022-07-12 04:03:35"
"47","14.7","70","634","2022-07-12 04:04:06"
"48","14.7","70","633","2022-07-12 04:04:36"
"49","14.7","70","633","2022-07-12 04:05:06"
"50","14.9","70","632","2022-07-12 04:05:36"
"51","14.7","70","632","2022-07-12 04:06:07"
"52","14.7","70","631","2022-07-12 04:06:37"
"53","14.7","70","629","2022-07-12 04:07:07"
"54","14.7","70","628","2022-07-12 04:07:37"
"55","14.7","70","630","2022-07-12 04:08:08"
"56","14.7","69","629","2022-07-12 04:08:38"
"57","14.4","71","620","2022-07-12 04:09:08"
"58","14.6","72","629","2022-07-12 04:09:38"
"59","14.6","72","629","2022-07-12 04:10:09"
"60","14.6","71","628","2022-07-12 04:10:39"
"61","14.6","71","629","2022-07-12 04:11:09"
"62","14.6","71","628","2022-07-12 04:11:39"
"63","14.6","71","627","2022-07-12 04:12:10"
"64","14.6","71","629","2022-07-12 04:12:40"
"65","14.6","71","629","2022-07-12 04:13:10"
"66","14.6","71","628","2022-07-12 04:13:40"
"67","14.6","70","628","2022-07-12 04:14:11"
"68","14.6","72","629","2022-07-12 04:14:41"
"69","14.5","72","628","2022-07-12 04:15:11"
"70","14.5","72","628","2022-07-12 04:15:41"
"71","14.5","71","628","2022-07-12 04:16:12"
"72","14.5","71","628","2022-07-12 04:16:42"
"73","14.5","71","627","2022-07-12 04:17:12"
"74","14.5","72","627","2022-07-12 04:17:42"
"75","14.5","72","618","2022-07-12 04:18:13"
"76","14.5","72","628","2022-07-12 04:18:43"
"77","14.5","72","629","2022-07-12 04:19:13"
"78","14.5","72","629","2022-07-12 04:19:43"
"79","14.5","72","629","2022-07-12 04:20:17"
"80","14.5","72","620","2022-07-12 04:20:47"
"81","14.4","72","629","2022-07-12 04:21:17"
"82","14.5","72","628","2022-07-12 04:21:47"
"83","14.4","72","619","2022-07-12 04:22:20"
"84","15.4","72","630","2022-07-12 04:29:16"
"85","15.1","72","625","2022-07-12 04:29:56"
"86","14.9","73","633","2022-07-12 04:30:27"
"87","14.8","73","633","2022-07-12 04:30:57"
"88","14.7","73","633","2022-07-12 04:31:27"
"89","14.7","74","632","2022-07-12 04:31:57"
"90","14.7","74","633","2022-07-12 04:32:28"
"91","14.7","74","624","2022-07-12 04:32:58"
"92","14.6","74","632","2022-07-12 04:33:28"
"93","14.6","74","633","2022-07-12 04:33:59"
"94","14.5","74","633","2022-07-12 04:34:30"
"95","14.5","74","633","2022-07-12 04:35:00"
"96","14.5","74","634","2022-07-12 04:35:31"
"97","14.5","74","634","2022-07-12 04:36:01"
"98","14.5","75","636","2022-07-12 04:36:31"
"99","14.5","74","626","2022-07-12 04:37:02"
"100","14.5","75","636","2022-07-12 04:37:33"
"101","14.5","75","636","2022-07-12 04:38:03"
"102","14.5","75","634","2022-07-12 04:38:34"
"103","14.5","74","636","2022-07-12 04:39:07"
"104","14.5","74","636","2022-07-12 04:39:38"
"105","14.5","74","636","2022-07-12 04:40:08"
"106","14.5","74","627","2022-07-12 04:40:39"
"107","14.5","74","628","2022-07-12 04:41:09"
"108","14.5","75","637","2022-07-12 04:41:40"
"109","14.5","74","637","2022-07-12 04:42:10"
"110","14.5","74","638","2022-07-12 04:42:41"
"111","14.5","74","637","2022-07-12 04:43:11"
"112","14.5","74","638","2022-07-12 04:43:42"
"113","14.5","74","637","2022-07-12 04:44:13"
"114","14.5","74","638","2022-07-12 04:44:43"
"115","14.4","74","638","2022-07-12 04:45:17"
"116","14.4","74","630","2022-07-12 04:45:56"
"117","14.4","74","638","2022-07-12 04:46:05"
"118","14.4","79","638","2022-07-12 04:46:26"
"119","14.4","74","639","2022-07-12 04:46:59"
"120","14.4","74","640","2022-07-12 04:47:30"
"121","14.4","75","639","2022-07-12 04:48:03"
"122","14.4","74","640","2022-07-12 04:48:34"
"123","14.4","75","640","2022-07-12 04:49:04"
"124","14.4","74","640","2022-07-12 04:49:35"
"125","14.4","74","640","2022-07-12 04:50:05"
"126","14.4","75","640","2022-07-12 04:50:36"
"127","14.6","74","641","2022-07-12 04:51:07"
"128","14.4","74","639","2022-07-12 04:51:37"
"129","14.4","75","642","2022-07-12 04:52:08"
"130","14.4","75","642","2022-07-12 04:52:41"
"131","14.4","75","642","2022-07-12 04:53:12"
"132","14.2","75","641","2022-07-12 04:53:45"
"133","14.3","74","631","2022-07-12 04:54:16"
"134","14.4","75","642","2022-07-12 04:54:49"
"135","14.4","74","642","2022-07-12 04:55:20"
"136","14.4","74","642","2022-07-12 04:55:53"
"137","14.4","74","642","2022-07-12 04:56:24"
"138","14","74","642","2022-07-12 04:56:54"
"139","13.9","75","642","2022-07-12 04:57:25"
"140","14.3","75","643","2022-07-12 04:57:55"
"141","14.4","75","643","2022-07-12 04:58:26"
"142","14.3","74","644","2022-07-12 04:58:57"
"143","14.4","75","643","2022-07-12 04:59:27"
"144","14.6","75","643","2022-07-12 04:59:58"
"145","14.3","75","643","2022-07-12 05:00:28"
"146","14.3","75","633","2022-07-12 05:00:59"
"147","14.3","75","644","2022-07-12 05:01:29"
"148","14.3","75","643","2022-07-12 05:02:00"
"149","14.3","75","643","2022-07-12 05:02:30"
"150","14.3","75","632","2022-07-12 05:03:01"
"151","14.5","75","633","2022-07-12 05:03:34"
"152","14.3","75","643","2022-07-12 05:04:08"
"153","14.3","75","643","2022-07-12 05:04:38"
"154","14.3","75","644","2022-07-12 05:05:08"
"155","14.3","75","645","2022-07-12 05:05:42"
"156","14.3","75","645","2022-07-12 05:06:13"
"157","14.3","75","646","2022-07-12 05:06:43"
"158","14.3","75","634","2022-07-12 05:07:14"
"159","14.2","75","634","2022-07-12 05:07:44"
"160","14.3","75","636","2022-07-12 05:08:15"
"161","14.3","75","646","2022-07-12 05:08:45"
"162","14.3","75","646","2022-07-12 05:09:16"
"163","14.3","75","646","2022-07-12 05:09:46"
"164","14.3","75","637","2022-07-12 05:10:17"
"165","14.3","75","638","2022-07-12 05:10:47"
"166","14.3","75","648","2022-07-12 05:11:18"
"167","14.6","75","648","2022-07-12 05:11:51"
"168","14.3","75","649","2022-07-12 05:12:22"
"169","14.2","75","649","2022-07-12 05:12:55"
"170","14.2","75","648","2022-07-12 05:13:29"
"171","14.2","75","639","2022-07-12 05:14:02"
"172","14.2","75","649","2022-07-12 05:14:33"
"173","14.3","75","648","2022-07-12 05:15:03"
"174","14.2","75","649","2022-07-12 05:15:34"
"175","14.2","75","649","2022-07-12 05:16:04"
"176","14.2","75","649","2022-07-12 05:16:35"
"177","14.2","75","652","2022-07-12 05:17:05"
"178","14.2","75","642","2022-07-12 05:17:35"
"179","14.2","75","651","2022-07-12 05:18:06"
"180","14.3","75","640","2022-07-12 05:18:36"
"181","14.2","76","653","2022-07-12 05:19:10"
"182","14.2","75","642","2022-07-12 05:19:41"
"183","14.2","75","653","2022-07-12 05:20:11"
"184","14.4","75","653","2022-07-12 05:20:42"
"185","14.2","75","653","2022-07-12 05:21:12"
"186","14","75","654","2022-07-12 05:21:43"
"187","14.3","83","649","2022-07-12 05:33:19"
"188","14.3","83","657","2022-07-12 05:33:49"
"189","14.2","75","657","2022-07-12 05:34:23"
"190","14.2","76","657","2022-07-12 05:34:53"
"191","14.2","75","658","2022-07-12 05:35:23"
"192","14.2","75","658","2022-07-12 05:35:54"
"193","14.2","76","658","2022-07-12 05:36:24"
"194","14.2","76","658","2022-07-12 05:36:55"
"195","14.2","76","648","2022-07-12 05:37:28"
"196","14.2","76","644","2022-07-12 05:37:59"
"197","14.2","76","660","2022-07-12 05:38:29"
"198","14.2","76","661","2022-07-12 05:39:00"
"199","14.2","76","661","2022-07-12 05:39:30"
"200","14.2","76","660","2022-07-12 05:40:00"
"201","14.2","76","660","2022-07-12 05:40:31"
"202","14.2","76","651","2022-07-12 05:41:02"
"203","14.2","76","650","2022-07-12 05:41:32"
"204","14.2","76","660","2022-07-12 05:42:03"
"205","14.3","76","662","2022-07-12 05:42:33"
"206","14.2","76","660","2022-07-12 05:43:04"
"207","14.2","76","660","2022-07-12 05:43:34"
"208","14.2","76","661","2022-07-12 05:44:04"
"209","14.2","76","661","2022-07-12 05:44:35"
"210","14.2","76","661","2022-07-12 05:45:05"
"211","14.2","76","662","2022-07-12 05:45:39"
"212","14.2","76","662","2022-07-12 05:46:09"
"213","14.2","76","649","2022-07-12 05:46:40"
"214","13.9","76","662","2022-07-12 05:47:14"
"215","14.2","76","661","2022-07-12 05:47:44"
"216","14.7","76","653","2022-07-12 05:48:15"
"217","14.2","76","662","2022-07-12 05:48:45"
"218","14.2","76","653","2022-07-12 05:49:16"
"219","14.2","76","663","2022-07-12 05:49:47"
"220","14.2","76","663","2022-07-12 05:50:17"
"221","14.2","76","663","2022-07-12 05:50:51"
"222","14.1","76","664","2022-07-12 05:51:22"
"223","14.2","76","663","2022-07-12 05:51:55"
"224","14.2","76","654","2022-07-12 05:52:26"
"225","14.2","76","665","2022-07-12 05:52:56"
"226","14.2","76","664","2022-07-12 05:53:27"
"227","14.2","76","654","2022-07-12 05:53:57"
"228","14.5","76","657","2022-07-12 05:54:31"
"229","14.2","76","655","2022-07-12 05:55:01"
"230","14.2","76","655","2022-07-12 05:55:32"
"231","13.9","76","665","2022-07-12 05:56:03"
"232","14.1","76","665","2022-07-12 05:56:33"
"233","14.2","76","665","2022-07-12 05:57:04"
"234","14.2","76","665","2022-07-12 05:57:34"
"235","14.2","76","666","2022-07-12 05:58:05"
"236","14.2","76","667","2022-07-12 05:58:35"
"237","14.2","76","666","2022-07-12 05:59:05"
"238","17.2","75","694","2022-07-12 12:48:31"
"239","17.1","75","694","2022-07-12 12:49:02"
"240","17.1","71","708","2022-07-12 12:49:32"
"241","17.1","71","696","2022-07-12 12:50:02"
"242","17","71","708","2022-07-12 12:50:33"
"243","17.1","71","708","2022-07-12 12:51:03"
"244","17.1","72","708","2022-07-12 12:51:33"
"245","17.1","72","706","2022-07-12 12:52:04"
"246","17.1","72","697","2022-07-12 12:52:34"
"247","17.1","71","694","2022-07-12 12:53:04"
"248","17.1","71","706","2022-07-12 12:53:35"
"249","17.1","71","706","2022-07-12 12:54:05"
"250","17.1","71","692","2022-07-12 12:54:35"
"251","17.1","71","708","2022-07-12 12:55:06"
"252","17.1","71","708","2022-07-12 12:55:36"
"253","17.1","71","708","2022-07-12 12:56:07"
"254","17.1","71","693","2022-07-12 12:56:37"
"255","17.1","71","708","2022-07-12 12:57:08"
"256","17","71","708","2022-07-12 12:57:38"
"257","17","71","694","2022-07-12 12:58:09"
"258","17","72","706","2022-07-12 12:58:40"
"259","17.1","71","706","2022-07-12 12:59:10"
"260","17","71","708","2022-07-12 12:59:40"
"261","17","71","706","2022-07-12 13:00:10"
"262","17","71","706","2022-07-12 13:00:41"
"263","17","72","692","2022-07-12 13:01:11"
"264","17","72","706","2022-07-12 13:01:42"
"265","17","72","708","2022-07-12 13:02:12"
"266","16.9","72","692","2022-07-12 13:02:43"
"267","17","72","706","2022-07-12 13:03:13"
"268","17","71","706","2022-07-12 13:03:43"
"269","17","72","694","2022-07-12 13:04:14"
"270","17","72","693","2022-07-12 13:04:44"
"271","17","72","693","2022-07-12 13:05:15"
"272","17","72","708","2022-07-12 13:05:45"
"273","17.1","72","708","2022-07-12 13:06:16"
"274","17","72","692","2022-07-12 13:06:46"
"275","17.1","72","693","2022-07-12 13:07:16"
"276","17.1","72","706","2022-07-12 13:07:47"
"277","17.1","72","708","2022-07-12 13:08:17"
"278","17.1","72","694","2022-07-12 13:08:48"
"279","17.1","72","696","2022-07-12 13:09:18"
"280","17.1","72","694","2022-07-12 13:09:49"
"281","17.1","72","696","2022-07-12 13:10:19"
"282","17.1","72","694","2022-07-12 13:10:50"
"283","17.1","72","694","2022-07-12 13:11:20"
"284","17.1","71","696","2022-07-12 13:11:51"
"285","17.2","72","694","2022-07-12 13:12:21"
"286","17.1","71","708","2022-07-12 13:12:52"
"287","17.2","71","708","2022-07-12 13:13:22"
"288","17.2","71","697","2022-07-12 13:13:53"
"289","17.1","72","694","2022-07-12 13:14:23"
"290","17.1","72","697","2022-07-12 13:14:53"
"291","17.1","72","694","2022-07-12 13:15:24"
"292","17.1","72","696","2022-07-12 13:15:54"
"293","17.1","71","696","2022-07-12 13:16:25"
"294","17.2","71","694","2022-07-12 13:16:55"
"295","17.1","71","708","2022-07-12 13:17:26"
"296","17.1","71","696","2022-07-12 13:17:56"
"297","17.1","71","708","2022-07-12 13:18:27"
"298","17.1","71","694","2022-07-12 13:18:58"
"299","17.1","72","709","2022-07-12 13:19:28"
"300","17.1","72","708","2022-07-12 13:19:59"
"301","17.1","72","708","2022-07-12 13:20:29"
"302","17.1","72","709","2022-07-12 13:21:00"
"303","17.1","72","706","2022-07-12 13:21:30"
"304","17.3","72","708","2022-07-12 13:22:01"
"305","17.2","72","708","2022-07-12 13:22:31"
"306","17.2","71","696","2022-07-12 13:23:01"
"307","17.1","71","708","2022-07-12 13:23:32"
"308","17.2","71","708","2022-07-12 13:24:03"
"309","17.1","72","708","2022-07-12 13:24:33"
"310","17.1","72","708","2022-07-12 13:25:04"
"311","17.1","72","694","2022-07-12 13:25:34"
"312","17.1","72","692","2022-07-12 13:26:04"
"313","17.2","72","708","2022-07-12 13:26:35"
"314","17.1","72","708","2022-07-12 13:27:05"
"315","17.1","72","708","2022-07-12 13:27:36"
"316","17.1","72","706","2022-07-12 13:28:06"
"317","17.2","72","708","2022-07-12 13:28:37"
"318","17","72","708","2022-07-12 13:29:07"
"319","17.1","72","708","2022-07-12 13:29:40"
"320","17.1","72","693","2022-07-12 13:30:11"
"321","17.2","72","693","2022-07-12 13:30:41"
"322","17.2","72","708","2022-07-12 13:31:11"
"323","17.2","72","708","2022-07-12 13:31:42"
"324","17.2","72","708","2022-07-12 13:32:12"
"325","17.2","72","706","2022-07-12 13:32:42"
"326","17.2","72","694","2022-07-12 13:33:12"
"327","17.2","72","708","2022-07-12 13:33:43"
"328","17.2","72","708","2022-07-12 13:34:13"
"329","17.1","72","708","2022-07-12 13:34:43"
"330","17.1","72","708","2022-07-12 13:35:13"
"331","17.1","72","708","2022-07-12 13:35:44"
"332","17.1","72","708","2022-07-12 13:36:14"
"333","17.1","72","708","2022-07-12 13:36:45"
"334","17.1","72","693","2022-07-12 13:37:15"
"335","17.1","72","708","2022-07-12 13:37:46"
"336","17.1","72","708","2022-07-12 13:38:16"
"337","17.1","72","708","2022-07-12 13:38:47"
"338","17.1","72","708","2022-07-12 13:39:17"
"339","17","72","708","2022-07-12 13:39:51"
"340","17.1","72","708","2022-07-12 13:40:21"
"341","17.1","72","708","2022-07-12 13:40:52"
"342","17","72","708","2022-07-12 13:41:22"
"343","17.1","72","708","2022-07-12 13:41:53"
"344","17.1","72","708","2022-07-12 13:42:23"
"345","17","72","708","2022-07-12 13:42:54"
"346","17.1","72","708","2022-07-12 13:43:24"
"347","17.1","72","708","2022-07-12 13:43:55"
"348","17.1","73","709","2022-07-12 13:44:25"
"349","17.1","72","708","2022-07-12 13:44:56"
"350","17.1","72","691","2022-07-12 13:45:26"
"351","17.1","72","708","2022-07-12 13:45:57"
"352","17.1","72","708","2022-07-12 13:46:27"
"353","17.1","72","708","2022-07-12 13:46:58"
"354","17.1","72","708","2022-07-12 13:47:28"
"355","17.1","72","708","2022-07-12 13:47:58"
"356","17.1","72","709","2022-07-12 13:48:29"
"357","17.1","72","708","2022-07-12 13:49:00"
"358","17.1","72","708","2022-07-12 13:49:30"
"359","17.1","72","708","2022-07-12 13:50:01"
"360","17.1","72","708","2022-07-12 13:50:31"
"361","17.1","72","708","2022-07-12 13:51:02"
"362","17.1","72","708","2022-07-12 13:51:32"
"363","17.1","72","708","2022-07-12 13:52:03"
"364","17.1","72","709","2022-07-12 13:52:33"
"365","17.2","72","708","2022-07-12 13:53:04"
"366","17.1","72","708","2022-07-12 13:53:34"
"367","17.1","72","708","2022-07-12 13:54:05"
"368","17.1","72","693","2022-07-12 13:54:35"
"369","17.2","72","708","2022-07-12 13:55:06"
"370","17.2","72","708","2022-07-12 13:55:36"
"371","17.2","72","708","2022-07-12 13:56:07"
"372","17.2","72","708","2022-07-12 13:56:37"
"373","17.2","72","708","2022-07-12 13:57:08"
"374","17.1","72","706","2022-07-12 13:57:38"
"375","17.1","72","706","2022-07-12 13:58:08"
"376","17.2","72","708","2022-07-12 13:58:39"
"377","17.2","72","708","2022-07-12 13:59:09"
"378","17.1","72","708","2022-07-12 13:59:40"
"379","17.1","72","708","2022-07-12 14:00:10"
"380","17.1","72","694","2022-07-12 14:00:41"
"381","16.8","72","693","2022-07-12 14:01:12"
"382","17.1","72","708","2022-07-12 14:01:42"
"383","17.1","72","708","2022-07-12 14:02:12"
"384","17.1","72","708","2022-07-12 14:02:43"
"385","17.2","72","692","2022-07-12 14:03:13"
"386","17.2","72","708","2022-07-12 14:03:44"
"387","17.1","72","706","2022-07-12 14:04:14"
"388","17.1","72","706","2022-07-12 14:04:44"
"389","17.1","72","706","2022-07-12 14:05:15"
"390","17.1","72","708","2022-07-12 14:05:45"
"391","16.9","71","708","2022-07-12 14:06:16"
"392","17","71","708","2022-07-12 14:06:46"
"393","17","72","708","2022-07-12 14:07:17"
"394","17","72","706","2022-07-12 14:07:47"
"395","17","72","708","2022-07-12 14:08:18"
"396","17","72","708","2022-07-12 14:08:48"
"397","17","72","706","2022-07-12 14:09:18"
"398","17","72","708","2022-07-12 14:09:49"
"399","16.9","72","708","2022-07-12 14:10:19"
"400","17","72","708","2022-07-12 14:10:50"
"401","16.9","72","706","2022-07-12 14:11:21"
"402","16.9","72","708","2022-07-12 14:11:51"
"403","16.9","72","706","2022-07-12 14:12:22"
"404","16.9","72","708","2022-07-12 14:12:52"
"405","16.9","72","706","2022-07-12 14:13:23"
"406","16.9","72","708","2022-07-12 14:13:53"
"407","17.2","72","694","2022-07-12 14:14:24"
"408","17","72","693","2022-07-12 14:14:54"
"409","17","72","708","2022-07-12 14:15:25"
"410","17","72","692","2022-07-12 14:15:55"
"411","17","72","693","2022-07-12 14:16:26"
"412","16.9","72","706","2022-07-12 14:16:56"
"413","17","72","708","2022-07-12 14:17:27"
"414","16.9","72","708","2022-07-12 14:17:57"
"415","16.9","72","708","2022-07-12 14:18:28"
"416","16.9","72","708","2022-07-12 14:18:58"
"417","16.9","72","708","2022-07-12 14:19:28"
"418","16.9","72","708","2022-07-12 14:19:59"
"419","17","73","708","2022-07-12 14:20:29"
"420","16.9","73","708","2022-07-12 14:21:00"
"421","16.9","72","706","2022-07-12 14:21:31"
"422","16.9","73","693","2022-07-12 14:22:01"
"423","16.9","73","694","2022-07-12 14:22:32"
"424","17","73","708","2022-07-12 14:23:02"
"425","17","73","708","2022-07-12 14:23:33"
"426","17","73","692","2022-07-12 14:24:03"
"427","17","73","708","2022-07-12 14:24:34"
"428","17","72","708","2022-07-12 14:25:04"
"429","17.2","72","708","2022-07-12 14:25:35"
"430","17","72","708","2022-07-12 14:26:05"
"431","17","72","692","2022-07-12 14:26:36"
"432","17","72","708","2022-07-12 14:27:06"
"433","17","72","708","2022-07-12 14:27:37"
"434","17","72","708","2022-07-12 14:28:07"
"435","17","72","706","2022-07-12 14:28:38"
"436","17","72","708","2022-07-12 14:29:08"
"437","17","72","708","2022-07-12 14:29:39"
"438","17","72","708","2022-07-12 14:30:09"
"439","17","72","708","2022-07-12 14:30:40"
"440","17","72","708","2022-07-12 14:31:10"
"441","17","72","706","2022-07-12 14:31:41"
"442","17","72","708","2022-07-12 14:32:14"
"443","17","72","708","2022-07-12 14:32:45"
"444","17.1","72","708","2022-07-12 14:33:15"
"445","16.9","72","708","2022-07-12 14:33:46"
"446","17","72","708","2022-07-12 14:34:16"
"447","17.3","72","694","2022-07-12 14:34:47"
"448","17.4","72","708","2022-07-12 14:35:17"
"449","17.1","72","708","2022-07-12 14:35:48"
"450","17.1","72","708","2022-07-12 14:36:19"
"451","17.1","72","708","2022-07-12 14:36:49"
"452","17.1","72","708","2022-07-12 14:37:20"
"453","17.1","72","708","2022-07-12 14:37:53"
"454","17.1","72","708","2022-07-12 14:38:24"
"455","17.1","72","709","2022-07-12 14:38:54"
"456","17.1","72","708","2022-07-12 14:39:25"
"457","17.1","72","708","2022-07-12 14:39:55"
"458","17","72","708","2022-07-12 14:40:26"
"459","17","72","708","2022-07-12 14:40:56"
"460","17.1","72","706","2022-07-12 14:41:27"
"461","17","72","708","2022-07-12 14:41:57"
"462","17","72","708","2022-07-12 14:42:28"
"463","17","72","708","2022-07-12 14:42:59"
"464","17","73","708","2022-07-12 14:43:29"
"465","17","72","708","2022-07-12 14:44:00"
"466","17","72","708","2022-07-12 14:44:30"
"467","17","72","693","2022-07-12 14:45:01"
"468","17","72","708","2022-07-12 14:45:31"
"469","17","72","708","2022-07-12 14:46:02"
"470","17.1","72","708","2022-07-12 14:46:32"
"471","17","72","708","2022-07-12 14:47:03"
"472","16.9","72","708","2022-07-12 14:47:33"
"473","17","72","708","2022-07-12 14:48:04"
"474","16.9","72","696","2022-07-12 14:48:34"
"475","17","73","694","2022-07-12 14:49:05"
"476","17","73","708","2022-07-12 14:49:35"
"477","17","73","708","2022-07-12 14:50:05"
"478","17","72","709","2022-07-12 14:50:35"
"479","17","72","708","2022-07-12 14:51:06"
"480","17","72","708","2022-07-12 14:51:36"
"481","16.9","72","694","2022-07-12 14:52:06"
"482","16.9","72","708","2022-07-12 14:52:36"
"483","16.9","72","708","2022-07-12 14:53:07"
"484","16.9","72","708","2022-07-12 14:53:37"
"485","16.9","72","708","2022-07-12 14:54:08"
"486","16.9","72","708","2022-07-12 14:54:38"
"487","16.9","72","706","2022-07-12 14:55:08"
"488","16.9","72","708","2022-07-12 14:55:39"
"489","16.9","72","692","2022-07-12 14:56:10"
"490","16.9","72","708","2022-07-12 14:56:40"
"491","16.9","72","706","2022-07-12 14:57:11"
"492","16.9","72","709","2022-07-12 14:57:41"
"493","16.9","72","692","2022-07-12 14:58:11"
"494","17","72","708","2022-07-12 14:58:42"
"495","17.1","72","706","2022-07-12 14:59:12"
"496","16.8","72","708","2022-07-12 14:59:43"
"497","16.8","72","708","2022-07-12 15:00:13"
"498","16.8","72","708","2022-07-12 15:00:44"
"499","16.8","72","708","2022-07-12 15:01:14"
"500","16.8","72","708","2022-07-12 15:01:44"
"501","16.5","72","708","2022-07-12 15:02:15"
"502","16.8","72","696","2022-07-12 15:02:45"
"503","16.8","72","708","2022-07-12 15:03:16"
"504","17","72","708","2022-07-12 15:03:46"
"505","16.9","72","708","2022-07-12 15:04:16"
"506","16.9","72","696","2022-07-12 15:04:52"
"507","16.9","77","712","2022-07-12 15:05:23"
"508","16.9","72","706","2022-07-12 15:05:53"
"509","16.9","72","704","2022-07-12 15:06:23"
"510","17.2","72","702","2022-07-12 15:06:54"
"511","16.9","72","702","2022-07-12 15:07:24"
"512","16.9","72","699","2022-07-12 15:07:55"
"513","16.9","72","697","2022-07-12 15:08:26"
"514","16.9","72","694","2022-07-12 15:08:57"
"515","16.9","72","694","2022-07-12 15:09:27"
"516","16.9","72","693","2022-07-12 15:09:58"
"517","16.9","72","694","2022-07-12 15:10:28"
"518","16.9","72","684","2022-07-12 15:10:59"
"519","16.9","73","693","2022-07-12 15:11:30"
"520","17","73","692","2022-07-12 15:12:00"
"521","17","73","693","2022-07-12 15:12:31"
"522","17","73","684","2022-07-12 15:13:01"
"523","17","72","681","2022-07-12 15:13:32"
"524","17.1","72","692","2022-07-12 15:14:02"
"525","17","72","692","2022-07-12 15:14:32"
"526","17","73","692","2022-07-12 15:15:03"
"527","16.9","73","692","2022-07-12 15:15:33"
"528","16.9","72","692","2022-07-12 15:16:04"
"529","16.9","72","691","2022-07-12 15:16:35"
"530","16.9","72","692","2022-07-12 15:17:05"
"531","16.9","72","691","2022-07-12 15:17:36"
"532","16.9","72","691","2022-07-12 15:18:06"
"534","16.9","72","736","2022-07-12 15:19:07"
"535","16.9","72","735","2022-07-12 15:19:38"
"536","16.9","72","738","2022-07-12 15:20:08"
"537","16.9","72","740","2022-07-12 15:20:38"
"538","16.9","72","741","2022-07-12 15:21:09"
"539","16.9","72","740","2022-07-12 15:21:39"
"540","16.9","72","721","2022-07-12 15:22:10"
"541","16.9","72","694","2022-07-12 15:22:40"
"542","16.8","72","694","2022-07-12 15:23:10"
"543","16.8","72","689","2022-07-12 15:23:41"
"544","16.8","72","685","2022-07-12 15:24:11"
"545","16.6","72","672","2022-07-12 15:24:41"
"546","16.8","72","677","2022-07-12 15:25:12"
"547","16.8","72","665","2022-07-12 15:25:42"
"548","16.8","72","674","2022-07-12 15:26:12"
"549","16.8","72","673","2022-07-12 15:26:43"
"550","16.8","73","662","2022-07-12 15:27:13"
"551","16.8","73","660","2022-07-12 15:27:49"
"552","16.7","78","668","2022-07-12 15:28:19"
"553","16.8","73","657","2022-07-12 15:28:50"
"554","16.7","73","655","2022-07-12 15:29:21"
"555","16.8","73","666","2022-07-12 15:29:51"
"556","16.8","73","665","2022-07-12 15:30:21"
"557","16.7","73","665","2022-07-12 15:30:52"
"558","16.7","73","665","2022-07-12 15:31:23"
"559","16.7","73","663","2022-07-12 15:31:53"
"560","16.7","73","663","2022-07-12 15:32:23"
"561","16.8","73","654","2022-07-12 15:32:54"
"562","16.9","74","662","2022-07-12 15:33:28"
"563","17.2","73","663","2022-07-12 15:33:58"
"564","17.4","72","662","2022-07-12 15:34:31"
"565","17.3","72","651","2022-07-12 15:35:05"
"566","17.2","72","662","2022-07-12 15:35:35"
"567","17.2","72","652","2022-07-12 15:36:06"
"568","17.2","72","662","2022-07-12 15:36:42"
"569","17.2","72","661","2022-07-12 15:37:12"
"570","17.2","72","662","2022-07-12 15:37:43"
"571","17.1","72","662","2022-07-12 15:38:14"
"572","17","72","662","2022-07-12 15:38:44"
"573","17","72","661","2022-07-12 15:39:18"
"574","16.9","72","662","2022-07-12 15:39:49"
"575","16.9","72","662","2022-07-12 15:40:19"
"576","16.5","73","652","2022-07-12 15:40:50"
"577","16.9","73","653","2022-07-12 15:41:20"
"578","16.9","73","652","2022-07-12 15:41:51"
"579","16.9","73","652","2022-07-12 15:42:21"
"580","16.9","73","664","2022-07-12 15:42:52"
"581","17.1","73","663","2022-07-12 15:43:22"
"582","16.9","73","651","2022-07-12 15:43:55"
"583","16.9","73","663","2022-07-12 15:44:26"
"584","16.9","73","663","2022-07-12 15:44:56"
"585","16.9","73","664","2022-07-12 15:45:27"
"586","16.9","73","663","2022-07-12 15:46:00"
"587","16.9","73","664","2022-07-12 15:46:31"
"588","16.9","73","665","2022-07-12 15:47:02"
"589","16.9","73","665","2022-07-12 15:47:32"
"590","16.9","73","665","2022-07-12 15:48:02"
"591","16.9","73","666","2022-07-12 15:48:33"
"592","16.9","73","664","2022-07-12 15:49:04"
"593","16.9","73","665","2022-07-12 15:49:34"
"594","16.9","73","666","2022-07-12 15:50:05"
"595","16.9","73","665","2022-07-12 15:50:35"
"596","16.9","73","666","2022-07-12 15:51:06"
"597","16.9","73","657","2022-07-12 15:51:36"
"598","16.9","73","666","2022-07-12 15:52:07"
"599","16.9","73","657","2022-07-12 15:52:37"
"600","16.9","73","667","2022-07-12 15:53:08"
"601","16.9","73","667","2022-07-12 15:53:41"
"602","16.8","73","657","2022-07-12 15:54:12"
"603","16.8","73","666","2022-07-12 15:54:42"
"604","16.8","73","658","2022-07-12 15:55:13"
"605","16.8","73","667","2022-07-12 15:55:43"
"606","16.8","73","667","2022-07-12 15:56:14"
"607","16.8","73","656","2022-07-12 15:56:44"
"608","16.8","73","658","2022-07-12 15:57:15"
"609","16.8","73","668","2022-07-12 15:57:46"
"610","16.8","73","667","2022-07-12 15:58:16"
"611","16.8","73","669","2022-07-12 15:58:47"
"612","16.8","73","657","2022-07-12 15:59:17"
"613","16.8","73","670","2022-07-12 15:59:48"
"614","16.7","73","669","2022-07-12 16:00:18"
"615","16.7","73","661","2022-07-12 16:00:49"
"616","16.7","73","661","2022-07-12 16:01:20"
"617","16.8","74","670","2022-07-12 16:01:53"
"618","16.8","73","670","2022-07-12 16:02:23"
"619","16.7","73","662","2022-07-12 16:02:54"
"620","16.7","73","672","2022-07-12 16:03:24"
"621","16.7","73","672","2022-07-12 16:03:55"
"622","16.8","73","662","2022-07-12 16:04:25"
"623","16.8","73","672","2022-07-12 16:04:56"
"624","16.8","73","672","2022-07-12 16:05:30"
"625","16.7","73","673","2022-07-12 16:06:00"
"626","16.8","73","673","2022-07-12 16:06:31"
"627","16.8","73","661","2022-07-12 16:07:01"
"628","16.8","74","672","2022-07-12 16:07:32"
"629","16.8","73","674","2022-07-12 16:08:02"
"630","16.8","73","673","2022-07-12 16:08:33"
"631","16.9","73","674","2022-07-12 16:09:03"
"632","16.9","73","673","2022-07-12 16:09:34"
"633","16.9","73","674","2022-07-12 16:10:05"
"634","16.9","73","674","2022-07-12 16:10:35"
"635","16.9","73","674","2022-07-12 16:11:06"
"636","16.9","73","674","2022-07-12 16:11:36"
"637","16.9","73","674","2022-07-12 16:12:07"
"638","17","73","674","2022-07-12 16:12:37"
"639","17","73","675","2022-07-12 16:13:08"
"640","17","73","675","2022-07-12 16:13:38"
"641","16.5","73","675","2022-07-12 16:14:09"
"642","16.9","73","675","2022-07-12 16:14:39"
"643","17","73","675","2022-07-12 16:15:10"
"644","17","73","674","2022-07-12 16:15:40"
"645","17","73","675","2022-07-12 16:16:10"
"646","17","73","675","2022-07-12 16:16:41"
"647","17","73","676","2022-07-12 16:17:11"
"648","17","73","675","2022-07-12 16:17:42"
"649","17","73","676","2022-07-12 16:18:12"
"650","16.8","73","675","2022-07-12 16:18:43"
"651","17","73","676","2022-07-12 16:19:13"
"652","17","73","676","2022-07-12 16:19:44"
"653","17","73","676","2022-07-12 16:20:14"
"654","17","73","664","2022-07-12 16:20:45"
"655","16.6","73","676","2022-07-12 16:21:15"
"656","16.9","73","676","2022-07-12 16:21:46"
"657","17","73","678","2022-07-12 16:22:16"
"658","17","73","668","2022-07-12 16:22:47"
"659","17","73","677","2022-07-12 16:23:17"
"660","16.9","73","677","2022-07-12 16:23:48"
"661","17","73","678","2022-07-12 16:24:18"
"662","16.8","73","678","2022-07-12 16:24:49"
"663","17","73","678","2022-07-12 16:25:19"
"664","17","73","679","2022-07-12 16:25:50"
"665","17.2","73","678","2022-07-12 16:26:20"
"666","17","73","677","2022-07-12 16:26:50"
"667","17","73","670","2022-07-12 16:27:21"
"668","17","73","670","2022-07-12 16:27:51"
"669","17","73","679","2022-07-12 16:28:22"
"670","17","73","680","2022-07-12 16:28:53"
"671","16.9","73","680","2022-07-12 16:29:23"
"672","16.9","73","680","2022-07-12 16:29:53"
"673","16.9","73","680","2022-07-12 16:30:24"
"674","16.9","73","680","2022-07-12 16:30:54"
"675","16.9","73","681","2022-07-12 16:31:24"
"676","16.9","73","680","2022-07-12 16:31:55"
"677","16.9","73","681","2022-07-12 16:32:26"
"678","17.3","73","672","2022-07-12 16:32:56"
"679","17","73","680","2022-07-12 16:33:27"
"680","17","73","681","2022-07-12 16:33:57"
"681","17.3","73","673","2022-07-12 16:34:28"
"682","16.9","73","681","2022-07-12 16:34:58"
"683","16.9","73","674","2022-07-12 16:35:34"
"684","16.9","73","681","2022-07-12 16:35:38"
"685","17","78","682","2022-07-12 16:36:08"
"686","17","73","673","2022-07-12 16:36:38"
"687","17","73","673","2022-07-12 16:37:12"
"688","17","73","673","2022-07-12 16:37:51"
"689","17","73","673","2022-07-12 16:38:00"
"690","17","74","673","2022-07-12 16:38:21"
"691","16.9","73","682","2022-07-12 16:38:52"
"692","17","73","682","2022-07-12 16:39:22"
"693","17","73","674","2022-07-12 16:39:56"
"694","17","73","674","2022-07-12 16:40:27"
"695","17","73","673","2022-07-12 16:41:03"
"696","17","73","675","2022-07-12 16:41:06"
"697","17","73","674","2022-07-12 16:41:41"
"698","17","78","675","2022-07-12 16:42:11"
"699","17.1","73","675","2022-07-12 16:42:42"
"700","17","73","684","2022-07-12 16:43:12"
"701","17.1","73","674","2022-07-12 16:43:42"
"702","17","73","674","2022-07-12 16:44:16"
"703","17.1","73","674","2022-07-12 16:44:49"
"704","17.1","73","685","2022-07-12 16:45:20"
"705","17.1","73","675","2022-07-12 16:45:51"
"706","17.1","73","684","2022-07-12 16:46:21"
"707","17.1","73","675","2022-07-12 16:46:52"
"708","17.1","73","684","2022-07-12 16:47:22"
"709","17.1","73","685","2022-07-12 16:47:56"
"710","17.1","73","676","2022-07-12 16:48:26"
"711","17.1","73","676","2022-07-12 16:48:57"
"712","17.1","73","686","2022-07-12 16:49:27"
"713","17.1","73","676","2022-07-12 16:50:04"
"714","17.1","73","676","2022-07-12 16:50:37"
"715","17.1","73","676","2022-07-12 16:51:07"
"716","17.1","73","677","2022-07-12 16:51:38"
"717","17.1","73","685","2022-07-12 16:52:11"
"718","17","73","676","2022-07-12 16:52:45"
"719","17.1","73","686","2022-07-12 16:53:19"
"720","17.1","73","678","2022-07-12 16:53:49"
"721","17","73","686","2022-07-12 16:54:19"
"722","17","73","686","2022-07-12 16:54:50"
"723","17","73","686","2022-07-12 16:55:20"
"724","17","73","687","2022-07-12 16:55:51"
"725","17","73","686","2022-07-12 16:56:21"
"726","17.1","74","678","2022-07-12 16:56:52"
"727","17.1","73","688","2022-07-12 16:57:22"
"728","17","73","677","2022-07-12 16:57:53"
"729","17","73","678","2022-07-12 16:58:23"
"730","17","73","687","2022-07-12 16:58:54"
"731","17","73","677","2022-07-12 16:59:24"
"732","17","73","686","2022-07-12 16:59:54"
"733","16.9","73","686","2022-07-12 17:00:25"
"734","16.9","73","676","2022-07-12 17:00:56"
"735","17","73","677","2022-07-12 17:01:26"
"736","16.9","73","687","2022-07-12 17:01:57"
"737","16.9","74","686","2022-07-12 17:02:27"
"738","16.9","73","678","2022-07-12 17:02:58"
"739","16.9","74","677","2022-07-12 17:03:28"
"740","16.9","73","679","2022-07-12 17:03:59"
"741","16.9","73","686","2022-07-12 17:04:29"
"742","16.9","73","687","2022-07-12 17:05:00"
"743","17","73","687","2022-07-12 17:05:30"
"744","16.9","73","686","2022-07-12 17:06:00"
"745","16.9","73","686","2022-07-12 17:06:31"
"746","16.9","74","676","2022-07-12 17:07:05"
"747","16.9","74","688","2022-07-12 17:07:35"
"748","16.7","74","687","2022-07-12 17:08:06"
"749","17.1","74","678","2022-07-12 17:08:36"
"750","16.9","74","689","2022-07-12 17:09:07"
"751","16.8","74","689","2022-07-12 17:09:37"
"752","16.8","74","678","2022-07-12 17:10:08"
"753","16.8","74","680","2022-07-12 17:10:38"
"754","16.8","74","679","2022-07-12 17:11:08"
"755","16.7","73","677","2022-07-12 17:11:39"
"756","16.7","74","689","2022-07-12 17:12:09"
"757","16.8","74","689","2022-07-12 17:12:40"
"758","16.7","74","678","2022-07-12 17:13:11"
"759","16.7","74","680","2022-07-12 17:13:41"
"760","16.7","74","679","2022-07-12 17:14:12"
"761","16.7","74","680","2022-07-12 17:14:42"
"762","16.7","74","679","2022-07-12 17:15:13"
"763","16.7","74","687","2022-07-12 17:15:43"
"764","16.7","74","678","2022-07-12 17:16:14"
"765","16.7","74","678","2022-07-12 17:16:44"
"766","16.7","74","679","2022-07-12 17:17:15"
"767","16.7","74","678","2022-07-12 17:17:45"
"768","16.7","74","689","2022-07-12 17:18:15"
"769","16.7","74","687","2022-07-12 17:18:46"
"770","16.7","74","687","2022-07-12 17:19:16"
"771","16.7","74","688","2022-07-12 17:19:47"
"772","16.6","74","687","2022-07-12 17:20:17"
"773","16.6","74","687","2022-07-12 17:20:48"
"774","16.7","74","677","2022-07-12 17:21:19"
"775","16.7","74","679","2022-07-12 17:21:49"
"776","16.7","74","679","2022-07-12 17:22:20"
"777","16.7","74","678","2022-07-12 17:22:50"
"778","16.7","74","678","2022-07-12 17:23:20"
"779","16.7","74","688","2022-07-12 17:23:51"
"780","16.7","74","687","2022-07-12 17:24:21"
"781","16.7","74","680","2022-07-12 17:24:52"
"782","16.6","74","688","2022-07-12 17:25:22"
"783","16.6","74","688","2022-07-12 17:25:53"
"784","16.6","74","687","2022-07-12 17:26:23"
"785","16.7","74","688","2022-07-12 17:26:54"
"786","16.7","74","679","2022-07-12 17:27:24"
"787","16.6","74","676","2022-07-12 17:27:55"
"788","16.6","74","680","2022-07-12 17:28:25"
"789","16.6","74","679","2022-07-12 17:28:56"
"790","16.6","74","677","2022-07-12 17:29:27"
"791","16.6","74","678","2022-07-12 17:29:57"
"792","16.7","74","678","2022-07-12 17:30:28"
"793","16.6","74","677","2022-07-12 17:30:58"
"794","16.6","74","679","2022-07-12 17:31:29"
"795","16.6","74","680","2022-07-12 17:31:59"
"796","16.7","74","679","2022-07-12 17:32:30"
"797","16.6","74","679","2022-07-12 17:33:00"
"798","16.6","74","679","2022-07-12 17:33:31"
"799","16.7","74","679","2022-07-12 17:34:02"
"800","16.6","74","679","2022-07-12 17:34:33"
"801","16.6","74","678","2022-07-12 17:35:03"
"802","16.7","74","679","2022-07-12 17:35:34"
"803","16.7","74","679","2022-07-12 17:36:04"
"804","16.7","74","680","2022-07-12 17:36:35"
"805","16.7","74","679","2022-07-12 17:37:05"
"806","16.7","74","677","2022-07-12 17:37:36"
"807","16.7","74","689","2022-07-12 17:38:07"
"808","16.7","74","690","2022-07-12 17:38:37"
"809","16.6","74","680","2022-07-12 17:39:08"
"810","16.6","74","680","2022-07-12 17:39:38"
"811","16.6","74","680","2022-07-12 17:40:09"
"812","16.6","74","681","2022-07-12 17:40:39"
"813","16.6","74","680","2022-07-12 17:41:10"
"814","16.6","74","689","2022-07-12 17:41:40"
"815","16.7","74","689","2022-07-12 17:42:11"
"816","16.6","74","689","2022-07-12 17:42:41"
"817","16.6","74","678","2022-07-12 17:43:12"
"818","16.6","75","689","2022-07-12 17:43:42"
"819","16.6","74","689","2022-07-12 17:44:12"
"820","16.6","75","689","2022-07-12 17:44:43"
"821","16.6","74","680","2022-07-12 17:45:13"
"822","16.6","74","689","2022-07-12 17:45:44"
"823","16.6","74","678","2022-07-12 17:46:20"
"824","16.7","79","680","2022-07-12 17:46:50"
"825","16.6","74","691","2022-07-12 17:47:21"
"826","16.6","74","689","2022-07-12 17:47:51"
"827","16.7","74","680","2022-07-12 17:48:22"
"828","16.7","74","680","2022-07-12 17:48:52"
"829","16.6","74","690","2022-07-12 17:49:23"
"830","16.7","74","690","2022-07-12 17:49:53"
"831","16.6","74","680","2022-07-12 17:50:24"
"832","16.6","74","680","2022-07-12 17:50:54"
"833","16.6","74","679","2022-07-12 17:51:25"
"834","16.6","74","689","2022-07-12 17:51:55"
"835","16.6","74","681","2022-07-12 17:52:26"
"836","16.6","74","689","2022-07-12 17:52:56"
"837","16.6","74","679","2022-07-12 17:53:27"
"838","16.6","74","680","2022-07-12 17:53:57"
"839","16.6","74","680","2022-07-12 17:54:28"
"840","16.6","74","689","2022-07-12 17:54:58"
"841","16.8","74","690","2022-07-12 17:55:29"
"842","16.6","75","681","2022-07-12 17:55:59"
"843","16.5","75","680","2022-07-12 17:56:30"
"844","16.5","75","691","2022-07-12 17:57:00"
"845","16.5","74","689","2022-07-12 17:57:31"
"846","16.5","74","679","2022-07-12 17:58:01"
"847","16.5","74","679","2022-07-12 17:58:31"
"848","16.5","74","680","2022-07-12 17:59:02"
"849","16.4","75","680","2022-07-12 17:59:32"
"850","16.4","75","689","2022-07-12 18:00:03"
"851","16.4","74","689","2022-07-12 18:00:34"
"852","16.4","74","680","2022-07-12 18:01:04"
"853","16.4","74","680","2022-07-12 18:01:35"
"854","16.4","74","681","2022-07-12 18:02:05"
"855","16.4","75","690","2022-07-12 18:02:36"
"856","16.4","75","680","2022-07-12 18:03:07"
"857","16.4","74","678","2022-07-12 18:03:37"
"858","16.4","75","680","2022-07-12 18:04:07"
"859","16.4","75","680","2022-07-12 18:04:38"
"860","16.4","75","680","2022-07-12 18:05:08"
"861","16.3","75","680","2022-07-12 18:05:39"
"862","16.4","75","681","2022-07-12 18:06:10"
"863","16.3","75","680","2022-07-12 18:06:40"
"864","16.3","75","680","2022-07-12 18:07:11"
"865","16.3","75","680","2022-07-12 18:07:42"
"866","16.3","75","680","2022-07-12 18:08:12"
"867","16.3","75","680","2022-07-12 18:08:43"
"868","16.3","75","681","2022-07-12 18:09:13"
"869","16.3","75","680","2022-07-12 18:09:44"
"870","16.3","75","681","2022-07-12 18:10:14"
"871","16.3","75","690","2022-07-12 18:10:45"
"872","16.3","75","680","2022-07-12 18:11:15"
"873","16.2","75","690","2022-07-12 18:11:46"
"874","16.2","75","679","2022-07-12 18:12:17"
"875","16.2","75","680","2022-07-12 18:12:47"
"876","16.2","75","680","2022-07-12 18:13:18"
"877","16.2","75","681","2022-07-12 18:13:48"
"878","16.2","75","680","2022-07-12 18:14:19"
"879","16.2","75","680","2022-07-12 18:14:49"
"880","16.2","75","680","2022-07-12 18:15:20"
"881","16.3","75","679","2022-07-12 18:15:50"
"882","16.3","75","689","2022-07-12 18:16:21"
"883","16.3","75","679","2022-07-12 18:16:52"
"884","16.3","75","680","2022-07-12 18:17:23"
"885","16.3","75","688","2022-07-12 18:17:56"
"886","16.3","75","680","2022-07-12 18:18:26"
"887","16.3","75","680","2022-07-12 18:18:57"
"888","16.3","75","680","2022-07-12 18:19:28"
"889","16.3","75","679","2022-07-12 18:19:58"
"890","16.3","75","680","2022-07-12 18:20:32"
"891","16.3","75","680","2022-07-12 18:21:02"
"892","16.3","75","690","2022-07-12 18:21:32"
"893","16.3","75","690","2022-07-12 18:22:03"
"894","16.2","75","679","2022-07-12 18:22:33"
"895","16.3","75","679","2022-07-12 18:23:04"
"896","16.3","75","680","2022-07-12 18:23:34"
"897","16.4","75","679","2022-07-12 18:24:05"
"898","16.2","75","691","2022-07-12 18:24:38"
"899","16.3","75","681","2022-07-12 18:25:08"
"900","16.3","75","681","2022-07-12 18:25:39"
"901","16.3","75","691","2022-07-12 18:26:09"
"902","16.2","75","689","2022-07-12 18:26:40"
"903","16.3","75","681","2022-07-12 18:27:10"
"904","16.2","75","681","2022-07-12 18:27:41"
"905","16.2","75","691","2022-07-12 18:28:11"
"906","16.2","75","680","2022-07-12 18:28:42"
"907","16.2","75","679","2022-07-12 18:29:12"
"908","16.2","75","689","2022-07-12 18:29:43"
"909","16.5","75","680","2022-07-12 18:30:13"
"910","16.2","75","681","2022-07-12 18:30:44"
"911","16.2","75","680","2022-07-12 18:31:14"
"912","16.2","75","691","2022-07-12 18:31:45"
"913","16.2","75","680","2022-07-12 18:32:16"
"914","16.2","75","691","2022-07-12 18:32:46"
"915","16.2","75","690","2022-07-12 18:33:17"
"916","16.5","75","691","2022-07-12 18:33:47"
"917","16.2","75","680","2022-07-12 18:34:18"
"918","16.2","75","682","2022-07-12 18:34:48"
"919","16.2","75","680","2022-07-12 18:35:19"
"920","16.2","75","681","2022-07-12 18:35:49"
"921","16.2","75","681","2022-07-12 18:36:20"
"922","16.2","75","681","2022-07-12 18:36:51"
"923","16.2","75","682","2022-07-12 18:37:21"
"924","16.2","75","681","2022-07-12 18:37:52"
"925","16.2","75","681","2022-07-12 18:38:22"
"926","16.2","75","681","2022-07-12 18:38:53"
"927","16.2","75","681","2022-07-12 18:39:24"
"928","16.2","75","691","2022-07-12 18:39:54"
"929","16.2","75","691","2022-07-12 18:40:25"
"930","16.1","75","680","2022-07-12 18:40:55"
"931","16.1","75","681","2022-07-12 18:41:26"
"932","16.1","75","681","2022-07-12 18:41:56"
"933","16.1","75","681","2022-07-12 18:42:27"
"934","16.1","75","680","2022-07-12 18:42:57"
"935","16.2","75","681","2022-07-12 18:43:29"
"936","16.1","75","681","2022-07-12 18:43:59"
"937","16.1","75","690","2022-07-12 18:44:30"
"938","16.1","75","681","2022-07-12 18:45:00"
"939","16.1","75","677","2022-07-12 18:45:31"
"940","16.1","75","679","2022-07-12 18:46:01"
"941","16.1","75","679","2022-07-12 18:46:32"
"942","16.1","75","680","2022-07-12 18:47:02"
"943","16.1","75","681","2022-07-12 18:47:32"
"944","16.1","75","680","2022-07-12 18:48:03"
"945","16.1","75","690","2022-07-12 18:48:33"
"946","16.1","75","681","2022-07-12 18:49:04"
"947","15.9","74","680","2022-07-12 18:49:34"
"948","16.1","75","690","2022-07-12 18:50:05"
"949","16.1","75","680","2022-07-12 18:50:36"
"950","16.1","75","681","2022-07-12 18:51:06"
"951","16.1","75","680","2022-07-12 18:51:37"
"952","16.1","75","679","2022-07-12 18:52:07"
"953","16.1","75","680","2022-07-12 18:52:38"
"954","16.1","75","690","2022-07-12 18:53:08"
"955","16.1","75","690","2022-07-12 18:53:39"
"956","16.1","75","691","2022-07-12 18:54:10"
"957","15.9","74","680","2022-07-12 18:54:40"
"958","16.1","75","680","2022-07-12 18:55:11"
"959","16.1","75","689","2022-07-12 18:55:41"
"960","16.1","75","681","2022-07-12 18:56:12"
"961","16.1","75","690","2022-07-12 18:56:42"
"962","16.1","75","680","2022-07-12 18:57:13"
"963","16.1","75","680","2022-07-12 18:57:43"
"964","16.1","75","690","2022-07-12 18:58:14"
"965","16.1","75","680","2022-07-12 18:58:44"
"966","16.1","75","680","2022-07-12 18:59:15"
"967","16.1","75","680","2022-07-12 18:59:45"
"968","16.1","82","681","2022-07-12 19:00:26"
"969","16.1","81","690","2022-07-12 19:00:56"
"970","16.1","76","681","2022-07-12 19:01:27"
"971","16.1","76","690","2022-07-12 19:01:57"
"972","16.2","76","690","2022-07-12 19:02:28"
"973","16.1","75","690","2022-07-12 19:02:58"
"974","16.1","75","689","2022-07-12 19:03:29"
"975","16.1","75","679","2022-07-12 19:04:02"
"976","16.1","75","680","2022-07-12 19:04:33"
"977","16.1","75","679","2022-07-12 19:05:03"
"978","16.1","75","680","2022-07-12 19:05:34"
"979","16.1","75","679","2022-07-12 19:06:04"
"980","16.1","75","681","2022-07-12 19:06:35"
"981","16.1","75","680","2022-07-12 19:07:06"
"982","16.1","75","681","2022-07-12 19:07:37"
"983","16.1","75","690","2022-07-12 19:08:07"
"984","16.1","75","691","2022-07-12 19:08:38"
"985","16.1","75","680","2022-07-12 19:09:09"
"986","16.2","75","690","2022-07-12 19:09:39"
"987","16.1","75","690","2022-07-12 19:10:10"
"988","16.1","75","679","2022-07-12 19:10:40"
"989","16.1","75","679","2022-07-12 19:11:11"
"990","16.1","75","689","2022-07-12 19:11:41"
"991","16.1","75","689","2022-07-12 19:12:12"
"992","16.1","75","681","2022-07-12 19:12:42"
"993","16.1","75","680","2022-07-12 19:13:13"
"994","16.1","75","681","2022-07-12 19:13:44"
"995","16.1","75","680","2022-07-12 19:14:14"
"996","16.1","75","680","2022-07-12 19:14:45"
"997","16.1","75","690","2022-07-12 19:15:15"
"998","16.4","75","680","2022-07-12 19:15:46"
"999","16.1","75","689","2022-07-12 19:16:16"
"1000","16.1","75","690","2022-07-12 19:16:47"
"1001","16.1","75","689","2022-07-12 19:17:17"
"1002","16.1","75","690","2022-07-12 19:17:48"
"1003","16.1","75","689","2022-07-12 19:18:18"
"1004","16.1","75","681","2022-07-12 19:18:49"
"1005","16.1","75","679","2022-07-12 19:19:20"
"1006","16.1","75","690","2022-07-12 19:19:50"
"1007","16.1","75","679","2022-07-12 19:20:21"
"1008","16.1","75","680","2022-07-12 19:20:51"
"1009","16","75","680","2022-07-12 19:21:21"
"1010","16","75","680","2022-07-12 19:21:52"
"1011","16","75","679","2022-07-12 19:22:23"
"1012","16","75","691","2022-07-12 19:22:53"
"1013","16","75","680","2022-07-12 19:23:23"
"1014","16","75","690","2022-07-12 19:23:54"
"1015","16","75","681","2022-07-12 19:24:25"
"1016","16","75","680","2022-07-12 19:24:55"
"1017","16","75","691","2022-07-12 19:25:26"
"1018","16","75","680","2022-07-12 19:25:57"
"1019","16","75","690","2022-07-12 19:26:27"
"1020","16","75","678","2022-07-12 19:26:58"
"1021","16","75","690","2022-07-12 19:27:28"
"1022","16.1","75","690","2022-07-12 19:27:59"
"1023","16.1","75","689","2022-07-12 19:28:29"
"1024","16.1","75","690","2022-07-12 19:29:00"
"1025","16.2","75","680","2022-07-12 19:29:30"
"1026","16.1","75","681","2022-07-12 19:30:04"
"1027","16.1","75","680","2022-07-12 19:30:34"
"1028","16.1","75","681","2022-07-12 19:31:05"
"1029","16.2","75","681","2022-07-12 19:31:41"
"1030","16.1","75","676","2022-07-12 19:32:11"
"1031","16.1","75","681","2022-07-12 19:32:42"
"1032","16.1","75","682","2022-07-12 19:33:15"
"1033","16.1","75","690","2022-07-12 19:33:46"
"1034","16","75","691","2022-07-12 19:34:16"
"1035","16.1","75","691","2022-07-12 19:34:47"
"1036","16","75","681","2022-07-12 19:35:17"
"1037","16.1","75","680","2022-07-12 19:35:48"
"1038","16.1","75","681","2022-07-12 19:36:19"
"1039","16.1","75","681","2022-07-12 19:36:49"
"1040","16.1","75","690","2022-07-12 19:37:20"
"1041","16.1","75","690","2022-07-12 19:37:53"
"1042","16.1","75","690","2022-07-12 19:38:24"
"1043","16.1","75","690","2022-07-12 19:38:54"
"1044","16.1","75","681","2022-07-12 19:39:25"
"1045","16.1","75","680","2022-07-12 19:39:55"
"1046","16.1","75","690","2022-07-12 19:40:26"
"1047","16.1","75","680","2022-07-12 19:40:56"
"1048","16.1","75","680","2022-07-12 19:41:26"
"1049","16.1","75","691","2022-07-12 19:41:57"
"1050","16.1","75","680","2022-07-12 19:42:27"
"1051","16.1","75","690","2022-07-12 19:42:58"
"1052","16.1","75","690","2022-07-12 19:43:28"
"1053","16.1","75","690","2022-07-12 19:44:02"
"1054","16.1","75","680","2022-07-12 19:44:32"
"1055","16.1","75","690","2022-07-12 19:45:03"
"1056","16.1","75","680","2022-07-12 19:45:33"
"1057","16.1","75","680","2022-07-12 19:46:04"
"1058","16.1","75","680","2022-07-12 19:46:34"
"1059","16.1","75","681","2022-07-12 19:47:05"
"1060","16.1","75","689","2022-07-12 19:47:35"
"1061","16.1","75","679","2022-07-12 19:48:06"
"1062","16.2","75","678","2022-07-12 19:48:36"
"1063","16.3","75","681","2022-07-12 19:49:07"
"1064","16.2","75","680","2022-07-12 19:49:37"
"1065","16.1","75","681","2022-07-12 19:50:08"
"1066","16.1","75","680","2022-07-12 19:50:39"
"1067","16.1","75","681","2022-07-12 19:51:09"
"1068","16.1","75","680","2022-07-12 19:51:40"
"1069","16.1","75","690","2022-07-12 19:52:10"
"1070","16.1","75","680","2022-07-12 19:52:40"
"1071","16","75","677","2022-07-12 19:53:11"
"1072","16.1","75","689","2022-07-12 19:53:42"
"1073","16","75","679","2022-07-12 19:54:12"
"1074","16.1","75","689","2022-07-12 19:54:43"
"1075","16.2","75","689","2022-07-12 19:55:13"
"1076","16","75","690","2022-07-12 19:55:44"
"1077","16.1","75","680","2022-07-12 19:56:14"
"1078","16","75","680","2022-07-12 19:56:45"
"1079","16","75","679","2022-07-12 19:57:16"
"1080","16","75","679","2022-07-12 19:57:46"
"1081","16","75","680","2022-07-12 19:58:16"
"1082","16","75","675","2022-07-12 19:58:47"
"1083","15.5","74","690","2022-07-12 19:59:17"
"1084","15.9","74","679","2022-07-12 19:59:48"
"1085","15.9","74","689","2022-07-12 20:00:18"
"1086","15.9","74","689","2022-07-12 20:00:49"
"1087","15.9","74","688","2022-07-12 20:01:20"
"1088","15.9","74","679","2022-07-12 20:01:50"
"1089","15.9","74","689","2022-07-12 20:02:21"
"1090","16","75","689","2022-07-12 20:02:51"
"1091","16","75","681","2022-07-12 20:03:22"
"1092","16","75","676","2022-07-12 20:03:52"
"1093","16","75","679","2022-07-12 20:04:23"
"1094","16.1","75","689","2022-07-12 20:04:53"
"1095","16.1","75","690","2022-07-12 20:05:24"
"1096","16.1","75","691","2022-07-12 20:05:54"
"1097","16","75","680","2022-07-12 20:06:25"
"1098","16","75","680","2022-07-12 20:06:58"
"1099","16","75","681","2022-07-12 20:07:29"
"1100","16","75","690","2022-07-12 20:07:59"
"1101","15.9","74","680","2022-07-12 20:08:30"
"1102","15.9","74","680","2022-07-12 20:09:00"
"1103","15.9","74","690","2022-07-12 20:09:31"
"1104","15.9","74","689","2022-07-12 20:10:04"
"1105","15.9","74","689","2022-07-12 20:10:34"
"1106","15.7","74","679","2022-07-12 20:11:05"
"1107","15.8","75","690","2022-07-12 20:11:39"
"1108","15.8","74","680","2022-07-12 20:12:09"
"1109","15.9","74","680","2022-07-12 20:12:40"
"1110","15.9","74","680","2022-07-12 20:13:11"
"1111","15.9","74","680","2022-07-12 20:13:41"
"1112","15.9","74","680","2022-07-12 20:14:12"
"1113","15.9","74","680","2022-07-12 20:14:42"
"1114","16","75","680","2022-07-12 20:15:13"
"1115","16","75","681","2022-07-12 20:15:43"
"1116","15.9","74","680","2022-07-12 20:16:14"
"1117","15.9","74","680","2022-07-12 20:16:45"
"1118","16","75","691","2022-07-12 20:17:15"
"1119","16","75","689","2022-07-12 20:17:46"
"1120","16","75","690","2022-07-12 20:18:16"
"1121","16","75","680","2022-07-12 20:18:52"
"1122","16","75","690","2022-07-12 20:18:55"
"1123","16","81","679","2022-07-12 20:19:22"
"1124","16","75","681","2022-07-12 20:19:53"
"1125","16","75","691","2022-07-12 20:20:24"
"1126","16.1","75","680","2022-07-12 20:20:54"
"1127","16.1","75","680","2022-07-12 20:21:25"
"1128","16.1","75","689","2022-07-12 20:21:58"
"1129","16.1","75","680","2022-07-12 20:22:29"
"1130","16.1","75","690","2022-07-12 20:22:59"
"1131","16.1","75","689","2022-07-12 20:23:29"
"1132","16.1","75","689","2022-07-12 20:24:00"
"1133","15.9","73","689","2022-07-12 20:24:31"
"1134","16.1","75","690","2022-07-12 20:25:01"
"1135","16.1","75","678","2022-07-12 20:25:32"
"1136","16.1","75","681","2022-07-12 20:26:02"
"1137","16.1","75","680","2022-07-12 20:26:33"
"1138","16.1","75","680","2022-07-12 20:27:03"
"1139","16.1","75","681","2022-07-12 20:27:34"
"1140","16.1","75","681","2022-07-12 20:28:11"
"1141","16.1","75","689","2022-07-12 20:28:41"
"1142","16.1","75","680","2022-07-12 20:29:12"
"1143","16.1","75","680","2022-07-12 20:29:43"
"1144","16.1","75","681","2022-07-12 20:30:13"
"1145","16.1","75","691","2022-07-12 20:30:44"
"1146","16.1","75","679","2022-07-12 20:31:15"
"1147","16.1","75","680","2022-07-12 20:31:45"
"1148","16.1","75","680","2022-07-12 20:32:16"
"1149","16.1","75","680","2022-07-12 20:32:46"
"1150","16.1","75","680","2022-07-12 20:33:17"
"1151","16","75","680","2022-07-12 20:33:47"
"1152","16","75","681","2022-07-12 20:34:18"
"1153","16.1","75","680","2022-07-12 20:34:48"
"1154","16.1","75","680","2022-07-12 20:35:19"
"1155","16.1","75","680","2022-07-12 20:35:49"
"1156","16.1","75","680","2022-07-12 20:36:20"
"1157","16.1","75","681","2022-07-12 20:36:50"
"1158","16.1","75","681","2022-07-12 20:37:21"
"1159","16.1","75","680","2022-07-12 20:37:51"
"1160","16.1","75","680","2022-07-12 20:38:22"
"1161","16.1","75","681","2022-07-12 20:38:55"
"1162","16.1","75","680","2022-07-12 20:39:26"
"1163","16.1","75","680","2022-07-12 20:39:56"
"1164","16.1","75","680","2022-07-12 20:40:27"
"1165","16.1","75","689","2022-07-12 20:40:57"
"1166","16","75","689","2022-07-12 20:41:28"
"1167","16","75","681","2022-07-12 20:42:03"
"1168","16","75","689","2022-07-12 20:42:07"
"1169","16","81","677","2022-07-12 20:42:34"
"1170","15.9","81","680","2022-07-12 20:43:20"
"1171","15.9","80","680","2022-07-12 20:43:50"
"1172","15.9","74","680","2022-07-12 20:44:21"
"1173","15.9","74","680","2022-07-12 20:44:51"
"1174","15.9","74","680","2022-07-12 20:45:22"
"1175","15.9","75","690","2022-07-12 20:45:53"
"1176","15.9","74","680","2022-07-12 20:46:24"
"1177","15.9","74","679","2022-07-12 20:46:54"
"1178","15.8","75","680","2022-07-12 20:47:25"
"1179","15.8","75","679","2022-07-12 20:47:55"
"1180","15.8","75","679","2022-07-12 20:48:26"
"1181","15.8","75","680","2022-07-12 20:48:59"
"1182","15.8","75","690","2022-07-12 20:49:30"
"1183","15.8","75","689","2022-07-12 20:50:00"
"1184","15.8","75","690","2022-07-12 20:50:31"
"1185","15.8","75","689","2022-07-12 20:51:01"
"1186","15.8","75","679","2022-07-12 20:51:32"
"1187","15.9","75","688","2022-07-12 20:52:03"
"1188","15.9","81","679","2022-07-12 20:53:07"
"1189","15.9","74","679","2022-07-12 20:53:38"
"1190","15.9","74","680","2022-07-12 20:54:08"
"1191","16","75","681","2022-07-12 20:54:47"
"1192","15.9","74","681","2022-07-12 20:54:57"
"1193","16","78","689","2022-07-12 20:55:17"
"1194","16","75","680","2022-07-12 20:55:53"
"1195","15.8","80","680","2022-07-12 20:56:24"
"1196","16.1","81","678","2022-07-12 20:57:08"
"1197","16.1","75","679","2022-07-12 20:57:20"
"1198","16.1","81","679","2022-07-12 20:57:41"
"1199","16.1","77","681","2022-07-12 20:58:25"
"1200","16.1","75","681","2022-07-12 20:58:54"
"1201","16.1","81","679","2022-07-12 20:58:56"
"1202","16.1","75","680","2022-07-12 20:59:34"
"1203","16.1","75","680","2022-07-12 20:59:35"
"1204","16.1","75","679","2022-07-12 21:00:12"
"1205","16.1","75","681","2022-07-12 21:00:54"
"1206","16.1","81","690","2022-07-12 21:01:28"
"1207","15.7","74","689","2022-07-12 21:02:07"
"1208","16","81","680","2022-07-12 21:02:18"
"1209","16.1","81","680","2022-07-12 21:02:25"
"1210","16.1","80","681","2022-07-12 21:03:01"
"1211","16","75","691","2022-07-12 21:03:34"
"1212","16.1","75","679","2022-07-12 21:04:11"
"1213","16","75","680","2022-07-12 21:04:26"
"1214","16","75","677","2022-07-12 21:04:46"
"1215","16.1","81","681","2022-07-12 21:04:50"
"1216","16.1","81","680","2022-07-12 21:05:17"
"1217","16.1","75","681","2022-07-12 21:05:47"
"1218","16","75","680","2022-07-12 21:06:18"
"1219","16.1","75","680","2022-07-12 21:06:51"
"1220","16.1","75","689","2022-07-12 21:07:25"
"1221","16.1","75","676","2022-07-12 21:07:58"
"1222","16.1","75","680","2022-07-12 21:08:43"
"1223","16.1","80","680","2022-07-12 21:08:48"
"1224","16.1","81","682","2022-07-12 21:08:48"
"1225","16.1","74","679","2022-07-12 21:09:26"
"1226","16.1","81","681","2022-07-12 21:10:02"
"1227","16.1","75","686","2022-07-12 21:10:33"
"1228","16.2","80","681","2022-07-12 21:11:23"
"1229","16.7","75","689","2022-07-12 21:11:25"
"1230","16.2","80","677","2022-07-12 21:11:25"
"1231","16.2","80","680","2022-07-12 21:11:55"
"1232","16.2","74","690","2022-07-12 21:12:29"
"1233","16.2","80","680","2022-07-12 21:13:18"
"1234","16.2","74","681","2022-07-12 21:13:26"
"1235","16.2","80","680","2022-07-12 21:13:51"
"1236","16.1","75","690","2022-07-12 21:14:24"
"1237","16.1","75","689","2022-07-12 21:14:55"
"1238","16.1","75","679","2022-07-12 21:15:26"
"1239","16.1","75","680","2022-07-12 21:15:57"
"1240","16.1","75","682","2022-07-12 21:16:35"
"1241","16.1","81","690","2022-07-12 21:17:09"
"1242","16.1","75","679","2022-07-12 21:17:39"
"1243","16.1","75","680","2022-07-12 21:18:13"
"1244","16.1","75","679","2022-07-12 21:18:43"
"1245","16.1","75","680","2022-07-12 21:19:17"
"1246","16.1","75","680","2022-07-12 21:19:47"
"1247","16.1","75","680","2022-07-12 21:20:18"
"1248","16.1","75","679","2022-07-12 21:20:51"
"1249","16.1","75","689","2022-07-12 21:21:22"
"1250","16.6","75","679","2022-07-12 21:21:55"
"1251","16","75","689","2022-07-12 21:22:26"
"1252","16","75","680","2022-07-12 21:22:56"
"1253","16","75","678","2022-07-12 21:23:27"
"1254","16","75","688","2022-07-12 21:24:00"
"1255","16","75","679","2022-07-12 21:24:30"
"1256","15.9","74","689","2022-07-12 21:25:01"
"1257","16","75","679","2022-07-12 21:25:31"
"1258","16","75","688","2022-07-12 21:26:02"
"1259","16","75","687","2022-07-12 21:26:33"
"1260","16","75","688","2022-07-12 21:27:03"
"1261","16","75","688","2022-07-12 21:27:37"
"1262","16","75","680","2022-07-12 21:28:13"
"1263","16","75","688","2022-07-12 21:28:47"
"1264","16","75","689","2022-07-12 21:29:23"
"1265","16.1","75","680","2022-07-12 21:30:01"
"1266","16.1","81","678","2022-07-12 21:30:35"
"1267","16.1","75","690","2022-07-12 21:31:05"
"1268","16.1","81","680","2022-07-12 21:31:59"
"1269","16.1","80","680","2022-07-12 21:32:29"
"1270","16.1","77","680","2022-07-12 21:32:47"
"1271","16.1","81","680","2022-07-12 21:33:22"
"1272","16.1","81","679","2022-07-12 21:33:28"
"1273","16.1","80","680","2022-07-12 21:33:30"
"1274","16.1","81","679","2022-07-12 21:33:55"
"1275","16.1","75","689","2022-07-12 21:34:29"
"1276","16.1","80","680","2022-07-12 21:35:34"
"1277","16.1","80","680","2022-07-12 21:35:39"
"1278","16.2","75","678","2022-07-12 21:36:39"
"1279","16.2","80","680","2022-07-12 21:36:49"
"1280","16.1","75","679","2022-07-12 21:37:25"
"1281","16.1","81","689","2022-07-12 21:37:56"
"1282","16.1","75","680","2022-07-12 21:38:37"
"1283","16.1","75","689","2022-07-12 21:38:44"
"1284","16.1","78","690","2022-07-12 21:39:07"
"1285","16.1","81","689","2022-07-12 21:39:13"
"1286","16","81","679","2022-07-12 21:39:55"
"1287","16","81","679","2022-07-12 21:40:28"
"1288","16","75","680","2022-07-12 21:41:02"
"1289","16.1","75","680","2022-07-12 21:41:38"
"1290","16","75","681","2022-07-12 21:41:53"
"1291","16","81","681","2022-07-12 21:42:11"
"1292","16.1","75","681","2022-07-12 21:42:50"
"1293","16.1","81","682","2022-07-12 21:43:24"
"1294","16.1","75","681","2022-07-12 21:44:03"
"1295","16.1","81","688","2022-07-12 21:44:03"
"1296","15.9","80","680","2022-07-12 21:44:23"
"1297","16.1","80","680","2022-07-12 21:44:36"
"1298","16.1","75","681","2022-07-12 21:45:17"
"1299","16.1","81","681","2022-07-12 21:46:12"
"1300","16.1","81","681","2022-07-12 21:46:43"
"1301","16.1","75","679","2022-07-12 21:47:16"
"1302","16.1","81","689","2022-07-12 21:47:22"
"1303","16.1","80","681","2022-07-12 21:47:32"
"1304","16.1","75","679","2022-07-12 21:47:52"
"1305","16.1","75","679","2022-07-12 21:48:08"
"1306","16","78","679","2022-07-12 21:48:54"
"1307","16.1","82","680","2022-07-12 21:48:55"
"1308","16","81","690","2022-07-12 21:49:31"
"1309","16","75","679","2022-07-12 21:50:09"
"1310","16.1","78","680","2022-07-12 21:51:08"
"1311","16","81","681","2022-07-12 21:51:18"
"1312","16.1","81","680","2022-07-12 21:51:49"
"1313","16","75","690","2022-07-12 21:52:22"
"1314","16","76","681","2022-07-12 21:52:59"
"1315","16","75","679","2022-07-12 21:53:02"
"1316","16","81","690","2022-07-12 21:53:29"
"1317","16","75","690","2022-07-12 21:54:02"
"1318","15.9","74","679","2022-07-12 21:54:36"
"1319","16","76","690","2022-07-12 21:55:06"
"1320","16","76","679","2022-07-12 21:55:39"
"1321","16","76","689","2022-07-12 21:56:10"
"1322","16","76","690","2022-07-12 21:56:43"
"1323","16","76","678","2022-07-12 21:57:13"
"1324","16","76","679","2022-07-12 21:57:44"
"1325","16","76","678","2022-07-12 21:58:19"
"1326","16","82","689","2022-07-12 21:58:50"
"1327","15.9","75","679","2022-07-12 21:59:20"
"1328","15.9","75","689","2022-07-12 21:59:51"
"1329","15.9","75","689","2022-07-12 22:00:21"
"1330","16","76","689","2022-07-12 22:00:52"
"1331","16","76","689","2022-07-12 22:01:22"
"1332","16","76","679","2022-07-12 22:01:56"
"1333","16","76","691","2022-07-12 22:02:26"
"1334","16","76","689","2022-07-12 22:02:57"
"1335","16","76","690","2022-07-12 22:03:27"
"1336","16","76","676","2022-07-12 22:03:58"
"1337","16","76","689","2022-07-12 22:04:28"
"1338","16","76","689","2022-07-12 22:04:59"
"1339","16","76","679","2022-07-12 22:05:30"
"1340","16","76","689","2022-07-12 22:06:00"
"1341","16.1","76","691","2022-07-12 22:06:30"
"1342","16","76","680","2022-07-12 22:07:01"
"1343","15.9","75","688","2022-07-12 22:07:31"
"1344","16","76","679","2022-07-12 22:08:02"
"1345","16","76","689","2022-07-12 22:08:32"
"1346","16","76","677","2022-07-12 22:09:03"
"1347","16","76","689","2022-07-12 22:09:33"
"1348","16","76","679","2022-07-12 22:10:07"
"1349","16","76","679","2022-07-12 22:10:40"
"1350","16","76","688","2022-07-12 22:11:14"
"1351","15.9","75","679","2022-07-12 22:11:50"
"1352","16","76","680","2022-07-12 22:11:53"
"1353","16","82","680","2022-07-12 22:12:21"
"1354","16","76","689","2022-07-12 22:12:51"
"1355","15.2","75","679","2022-07-12 22:13:22"
"1356","16","76","689","2022-07-12 22:13:52"
"1357","15.9","75","689","2022-07-12 22:14:23"
"1358","15.9","75","680","2022-07-12 22:14:54"
"1359","15.9","75","689","2022-07-12 22:15:27"
"1360","16","76","680","2022-07-12 22:15:58"
"1361","16","76","678","2022-07-12 22:16:28"
"1362","16","76","681","2022-07-12 22:16:59"
"1363","16","76","680","2022-07-12 22:17:29"
"1364","16.1","76","690","2022-07-12 22:18:00"
"1365","16.1","76","689","2022-07-12 22:18:31"
"1366","16.1","76","680","2022-07-12 22:19:02"
"1367","16","76","679","2022-07-12 22:19:32"
"1368","16.1","76","689","2022-07-12 22:20:06"
"1369","16.1","76","690","2022-07-12 22:20:37"
"1370","15.5","75","690","2022-07-12 22:21:07"
"1371","16.1","75","690","2022-07-12 22:21:38"
"1372","16.1","75","680","2022-07-12 22:22:08"
"1373","16.1","75","690","2022-07-12 22:22:39"
"1374","16.1","76","690","2022-07-12 22:23:10"
"1375","16.1","76","690","2022-07-12 22:23:40"
"1376","16.1","75","680","2022-07-12 22:24:11"
"1377","16.1","75","689","2022-07-12 22:24:41"
"1378","16.1","75","679","2022-07-12 22:25:12"
"1379","16.1","76","689","2022-07-12 22:25:42"
"1380","15.4","75","680","2022-07-12 22:26:13"
"1381","16","76","679","2022-07-12 22:26:48"
"1382","16.1","82","682","2022-07-12 22:27:19"
"1383","16","76","690","2022-07-12 22:27:50"
"1384","16","76","689","2022-07-12 22:28:20"
"1385","16.1","76","691","2022-07-12 22:28:51"
"1386","16","76","689","2022-07-12 22:29:21"
"1387","16","76","679","2022-07-12 22:29:52"
"1388","16.1","76","680","2022-07-12 22:30:22"
"1389","16","76","679","2022-07-12 22:30:55"
"1390","16.1","76","690","2022-07-12 22:31:27"
"1391","16.1","76","680","2022-07-12 22:31:57"
"1392","16.1","76","690","2022-07-12 22:32:31"
"1393","16.1","75","681","2022-07-12 22:33:01"
"1394","16.1","75","689","2022-07-12 22:33:31"
"1395","16.1","75","687","2022-07-12 22:34:02"
"1396","16.1","75","690","2022-07-12 22:34:32"
"1397","16.1","75","690","2022-07-12 22:35:03"
"1398","16.2","75","680","2022-07-12 22:35:34"
"1399","16.1","75","680","2022-07-12 22:36:04"
"1400","16.1","75","681","2022-07-12 22:36:38"
"1401","16.1","76","680","2022-07-12 22:37:14"
"1402","16","75","680","2022-07-12 22:37:47"
"1403","16.1","75","689","2022-07-12 22:38:18"
"1404","16","75","689","2022-07-12 22:38:48"
"1405","16","75","689","2022-07-12 22:39:21"
